-- phpMyAdmin SQL Dump
-- version 5.2.1
-- https://www.phpmyadmin.net/
--
-- Host: 127.0.0.1
-- Generation Time: Aug 05, 2025 at 06:49 AM
-- Server version: 10.4.32-MariaDB
-- PHP Version: 8.2.12

SET SQL_MODE = "NO_AUTO_VALUE_ON_ZERO";
START TRANSACTION;
SET time_zone = "+00:00";


/*!40101 SET @OLD_CHARACTER_SET_CLIENT=@@CHARACTER_SET_CLIENT */;
/*!40101 SET @OLD_CHARACTER_SET_RESULTS=@@CHARACTER_SET_RESULTS */;
/*!40101 SET @OLD_COLLATION_CONNECTION=@@COLLATION_CONNECTION */;
/*!40101 SET NAMES utf8mb4 */;

--
-- Database: `db`
--
CREATE DATABASE IF NOT EXISTS `db` DEFAULT CHARACTER SET utf8mb4 COLLATE utf8mb4_general_ci;
USE `db`;

-- --------------------------------------------------------

--
-- Table structure for table `students`
--

CREATE TABLE `students` (
  `student_name` varchar(100) NOT NULL,
  `age` int(11) NOT NULL,
  `address` varchar(255) DEFAULT NULL,
  `examinee_no` varchar(50) NOT NULL,
  `course_taken` varchar(100) DEFAULT NULL,
  `date_registered` varchar(20) NOT NULL,
  `birthdate` varchar(20) NOT NULL,
  `fingerprint_template` longblob DEFAULT NULL
) ENGINE=InnoDB DEFAULT CHARSET=utf8mb4 COLLATE=utf8mb4_general_ci;

--
-- Dumping data for table `students`
--

INSERT INTO `students` (`student_name`, `age`, `address`, `examinee_no`, `course_taken`, `date_registered`, `birthdate`, `fingerprint_template`) VALUES
('Andrew Alojado', 20, '123 street', '1', 'BSIS', '2025-07-12', '2004-12-30', 0x4c4d535332310000050e0f0408050709ced00000250f7401000036843333bf0e09018564ab00e101176aa40036013d544e003c0f3f64c5003c01854da80e4c013464d9001400884ee5003d0128485b00650fb964db005301e133650e5a01395a7400580079511401ea009b0c2500750f2a433800bd003463a10e76008909a4009e008c3395001a0162645a002e0f4b64d000eb00d664d70e2f01275c5d003400636a7200cb00fa5bb800bb0e7764bf005601055c910e61012b637900a6012a6a84009c00015e3500550fa645270017019143380e4c013f64ba0041008d5a7c006a000844dd006f0f42589200e900b264bb0e23018664cf0021008851d400da0014611100320f3555e900f60053535f0ed3006f645600f201406ab2005e01b5640c00a50e8a52480043018664090fd50099151901e001a913150136019d2aeb00560f3e6464006b00b836ae0e37008d1335039774d37bd8c8bdd5698d35f71423740a29f63d03cbdc3002201989838181a475ac70457b4901417f2cf4848cf402488fc50560865c732cfed967550f2ff9fbfb007c3a09478450065a0a26f3110b2a85376fa3889afbb78f0d037c03838c3803c2fe6a838c19345c6b24600f213824e92d8438017d7f90f67ce9f4acdbf8f26f17f2a484f881a787657cc2fd13752c02548d8983547714ff5376dcfb4d074e793884cf835e7855858582eb7d561c46125f1725fc740023f28c0326fca7003c8e838c6b831e042704e603af71ba004b147575d462b00d2d7ec87bc901f98bc185b801040ec1f4980c78898708928509778b08af8ca0059e08720d70f4788f48fda2042b015e06a40a2001aa0419028e046e0320114787931374f14ff55e7431002efc67fc04783a012f7f3e06fe075689fe4f77bbfbfbc220470f0385223a0300642c16f10700662609c0820c05552f06555b45ffd5002b32fcc0c038c1433bc2f86513002448f74cfbc0c539c0fdc1490c006758896468c1ff770a00415a8c72587b0700aa5dc9ffface560b008068063a4fc5cffe840a00786b437396f1c308000a87ed9137060e816e0cc11300d46df4cefefe54c1385e93c00a0eba82907fffc142787e1e01bb87835169057e79f10400c3871356c3008394fc3eff0a00745e8386ccc1780a0074a0b258c0f1c16f0c0086a0c6c04f21ff57150005b022ff52cefcc1364ac02f05c1170e38baebfe4c3e8fff3752170008bce444fd2f65414bc0fd0c007b7b70558fc078050033c0a2c07e1d013bc0f146c0fb54fb4ac055080075c7312b3b060176cdfaff383ac10f0e58d1747777c0050a0557d76bc07562c2cd00d3d60dfd5b23080013de13cffcc1c02815000be1968dc184c176c46504c17e0101cfe88c67c1bf6ac6720d008ee977c104c3c5cc758c110065ee2831fa48ffc0c1352c0bc55df57ec2805d8c0c009bf5628d71c17a0500f03f173516010beee0c03b9146c536fec0fec150fecf10b20b8884c4c2c280cc10ba0412ff54410b10720b8377c2c2c2c28306d5241d54c3ff83081029df5057cf520910921b716cc2fa9302109a1bfdffcd10962e65c2c4c2c293c1108b67b12c0310a523b4c4011e9a2d468c0710782e1910880610b12f3489c3061eb83231fd1a11d433a2cf7fc2fe90c19355c2c575c2760410d737f5fec30b11a338437905d5533c486e0610d239343bc1c0ce0410593a43c04314141c3a9a5170c0c3a9888cce02108c3c37c0c010c14a3bfda404104a8243830a11aa503ac4ffd0110c55ac87c262c47501c1c1cdc1c2ffc45242c512460f000100a8013ef000051c445200000000000000000000000000000000000000000000000000000000000000000000000000000000000000000000000000000000000000000000000000000000000000000000000000000000000000000000000000000000000000000000000000000000000000000000000000000000000000000000000000000000000000000000000000000000000000000000000000000000000000000000000000000000000000000000000000000000000000000000000000000000000000000000000000000000000000000000000000000000000000000000000000000000000000000000000000000000000000000000000000000000000000000000000000000000000000000000000000000000000000000000000000000000000000000000000000000000000000000000000000000000000000000000000000000000000000000000000000000000000000000000000000000000000000000000000000000000000000000000000000000000000000000000000000000000000000000000000000000000000000000000000000000000000000000000000000000000000000000000000000000000000000000000000000000000000000000000000000000000000000000000000000000000000000000000000000000000000000000000000000000000000000000000000000000000000000000000000000000000000000000000000000000000000000000000000000000000000000000000000000000000000000000000000000000000000000000000000000000000000000000000000000000000000000000000000000000000000000000000000000000000000000000000000000000000000000000000000000000000000000000000000000000000000000000000000000000000000000000000000000000000000000000000000000000000000000000000000000000000000000000000000000000000000000000000000000000000000000000000000000000000000000000000000000000000000000000000000000000000000000000000),
('string', 0, 'string', 'string', 'string', 'string', 'string', ''),
('test 3', 20, 'test', 'test', 'test', 'test', 'test', 0x4c4b53533231000005080b0408050709ced000002509740100005f8435358608d4007b647f0007006c6c7100cc00f464b000a9080964e100e300e264b6082301306450003500d00578008a000c64940022092c05d30080005e64a7085401ae644f008501ab2c9e006001aa518b004e0932266f005600be64b30872012a40ff0096019d340901490026555a00f0089464c800cd0067647f080501e36466007c00656cd800f800ac644a00920889645a000b010824fb08c800a5646900fd01b70274007700746477005009af648b005d004e6461085001b0155e009e01371111013701a42de6003109260977004400c64ba30822008c3abb003600a36c91000c014564570012093864d100af0061649e08240132648f00e801346c6f0095006f6405007a0899648b007400d56404090a01a464ed00bd00a16cb6005f00916459005d0810647c005600cb648c08700127410c018c01a726f8005400a46478159c81a71e817551f100627085a0793995dda9e89aacaaa87efa843e860802dbf1c702dd0bbff44ee0d0942c9989879982e46368776805d9fb8a0fd907d008ff85147f95822803a5f7c0fe3d871087a8025c8e056fd97911f333801774037dcdf8c2f46ef7c48db286bb8f45532cf33f55ab00fe7c2efe68a2bfa4171805594d6df4fba08e5f08ea0b8d7fbb185b8864fb01a3aeecfb8276095a0619064107ac874061086656045500f8060b8c887ce97d357eed83587698022487f1023f84200d370c930067788afc6afcb4f5d189a278fa7e5a822aff5913e2fc6f067107c8666d1700f7b40888022b049f08930d7c00fcf04806390015fad7ecf46c446adefcedfd5b08e6fcec9e3186cd07b7fb1608827d510baa02920c7c8b27f816fbe589bc83f70cf5978584290d847f3f725fff450ca9015e03c0892b023b0b527a6c571630172043010267d8e90308ca1c1c44ff04c5f3232f7d0d00a01a1604ff3dc945550800dd1ee5c045730900b21817c03a46c407018c230cc1fff45b40511100862b09c005fd3b5c5b540b007835c538f843561100743ffdfefefa5c54c06511007a8000faf540c04758c15ac2006342024bc2fc0e00ba540c27c1fdff565204c5ff5c21c0c006009e5ad5ff4301015b66f730c0383915088c720c36fe3eac4ac50d01857486c289cd0088701247fe4710009371f421c1fd372b620ac56081fcc1fdfc4b4209c5d8802c5959ff0b007b4e06fb3a406406008d9549c29e0b016c9671c216c54a9de1fefec0fcfeff3b44faf7c0c0c0c058ffcc00719001fefffd46fec60069946cc1100079acc329fb42fec07b641200aeb6f2f52646c0c0c067055b0d08d4b7276d640bc554b7e1352aff460300b8c271ce0e004fbfe2fd04fefef6ffffffffc0ff3aff020870cbf4fdfbfefe03040acf22c00a00cb14274776400400e5e4229c0505e8e42dc2c1c10ac5bdf5a1c075c2c2c6c4cc009bfc9ba6c5c18309c5c0fd2f5378ff0b008d3864ac7c9104105c07d38c10057bdefafdfcfffc04c04776c2c00410550a05fac718016ed7e9fafcf4c1457f710610940d293a5202188e0e4cc2c289c6105c0736fd03110610e2ff01184a113afec405d5921c32c37103104022f2c30c18b526307497ffc1109921306404108f2ef46a031827361afcff60c010203428ff5a05106bfb37c73d05104a48a2fc0107151f2806206a04108e4f35720510524f29fc070315205530c20410b79c24c4ca1810866cb0fe07ff4ef6fefaf6fffffb05fec7f7c0c1c2c17016d5ed7184fcc0fd30c2fe07c3ccc1c5c2c3c1c09000000000000000000000000000000000000000000000000000000000000000000000000000000000000000000000000000000000000000000000000000000000000000000000000000000000000000000000000000000000000000000000000000000000000000000000000000000000000000000000000000000000000000000000000000000000000000000000000000000000000000000000000000000000000000000000000000000000000000000000000000000000000000000000000000000000000000000000000000000000000000000000000000000000000000000000000000000000000000000000000000000000000000000000000000000000000000000000000000000000000000000000000000000000000000000000000000000000000000000000000000000000000000000000000000000000000000000000000000000000000000000000000000000000000000000000000000000000000000000000000000000000000000000000000000000000000000000000000000000000000000000000000000000000000000000000000000000000000000000000000000000000000000000000000000000000000000000000000000000000000000000000000000000000000000000000000000000000000000000000000000000000000000000000000000000000000000000000000000000000000000000000000000000000000000000000000000000000000000000000000000000000000000000000000000000000000000000000000000000000000000000000000000000000000000000000000000000000000000000000000000000000000000000000000000000000000000000000000000000000000000000000000000000000000000000000000000000000000000000000000000000000000000000000000000000000000000000000000000000000000000000000000000000000000000000000000000000000000000000000000000000000000000000000000000000000000000000000000000000000000000000000000000000000);

-- --------------------------------------------------------

--
-- Table structure for table `users`
--

CREATE TABLE `users` (
  `id` int(11) NOT NULL,
  `username` varchar(255) NOT NULL,
  `fingerprint_template` blob NOT NULL
) ENGINE=InnoDB DEFAULT CHARSET=utf8mb4 COLLATE=utf8mb4_general_ci;

--
-- Dumping data for table `users`
--

INSERT INTO `users` (`id`, `username`, `fingerprint_template`) VALUES
(3, 'Andrew', 0x4db153533231000004f2f10408050709ced0000024f37401000047841f2f9bf20b016064970013007096c200f30083640e0008f38064d1002601ce538ff24b012c59ca0085012bbee70036010f35890046f34164f8002c01424a70f28f0077643d007600ea96cd008a008649f70060f33c637c005b0038485bf25c0079368100c0015c96980024013c64730020f3374d64002b01846472f2ba00f664d600f70112c659003901416436001af39159f800da0055648cf28d00fe646b00a201bd963e004e013b64d10101f39c1ffd00690162511df26401c4367f00880084e57a000e01d764730015f30d646500e400a564b9f238012f5f5f0003006e967e00ae007264ab004ef3376432000f019464f6f237011646ed008e0125adbc006901a76489005ff3c1649a006d004705a8f2610085188b0092000ed42c566927aa086f83bff65e1d31074e78a3277184b403357ba4f754ff297dd4fb26f2ba77200035eb1c2770fbfdf8988921f2a0058182507368f8618b04793e054a836f869f09ba93a3019307be8bc5881807357f4d7cbcf40575047ff6f902734583360a4f1e0ddf450beb3109df7c0a4d2f9d01b30ca6f26484f98eaa87d90f71fac8e9a5001d019c0f21fa307e45831bf5a60f57e10089ce8d5a7d48875e0aab8f29fd657d58034efc3e188f0d868956918f68bc8aa68bb7058c84198a6f098083a679c399b12b6c8e01aedaf8830bf69d640005fa491bc07656feaf7e697cc2fd1f75e1054c0f917f53129a1243e04193ec0bb5f6ec0e11e42f9ca67b9b78028a657780823587e5fe607b92776006867d8388280c117e9c8bfddd7f9e3a3d24b500029a22fd03c56227f4c10e003732fa042b520d54ff10002c3d3fc0c4ccc14453650900ba4b828c6bc10a00874cc6fd77a3c00a0080517d3a7b78301300214bf44484c2fbcdc04cc003008b9f00fbf5015b5c7d7c6dc1007aad07c0c208005da477c48e6b0700b2610c906f09f29b6a8359c25caac10cf2a36c09c22b7bc8009e8281c067707cc0c300887bfc4bc10a0073497dc6328ac16f0b008c550057ce520b00739274057ac482c21501009190987cc532577770701601c3a092336a84c073c0c2bd7ec5e0013db1e72ffffb533132550c007ab27499c1c632c08412003fb635c131b54ec0ffffc0c0040604c5b664c1c07e0ec578bd022a38fe566e18c411ca61c1c0c166c07f07666d87c1c10e0079bf312ffb32fffdc245ff0ac55dc19fc18378c2160010c98d80c08485c27ec1057ec5fe015fca69c077b5780bf2d5d0897475c0ba9303f2d6d11ac34ffdc900922a75c09dc0c2c1046c0bf26ae1e92e54fff24109f262e36788706607fe08f266e7607c7b77070a0433f18684c4c290cd00cd061145fe38050004f5843290151111059abdff8433c089c37cc07ecf109afa6cc49f6ec303d5a60c08ff06109f0e6206c39ef711c90f83c2c4010314230e10ff071030d5537c80091035134c5207650ce2781450887f06d5b810fe65c00710b219accac630fec40910ba1de73a5e321511181aa2c33b7f80329688c1780310122508330610b1263dc0068403e2972743c296c0c21098d53bc1c18c0510a72e42710410682e40c0410314043500f90610d5f21efa0dc3c10510553a868401e2583a3dc08d04d5e73eec5d0610bb3c3104c277f711cb4130c281c11069bc357c0310f24ed9fe00e28c503185041056502f8a171117329a650475c70d9ec39261c052870016b100010100ba01e32004f2134552000000000000000000000000000000000000000000000000000000000000000000000000000000000000000000000000000000000000000000000000000000000000000000000000000000000000000000000000000000000000000000000000000000000000000000000000000000000000000000000000000000000000000000000000000000000000000000000000000000000000000000000000000000000000000000000000000000000000000000000000000000000000000000000000000000000000000000000000000000000000000000000000000000000000000000000000000000000000000000000000000000000000000000000000000000000000000000000000000000000000000000000000000000000000000000000000000000000000000000000000000000000000000000000000000000000000000000000000000000000000000000000000000000000000000000000000000000000000000000000000000000000000000000000000000000000000000000000000000000000000000000000000000000000000000000000000000000000000000000000000000000000000000000000000000000000000000000000000000000000000000000000000000000000000000000000000000000000000000000000000000000000000000000000000000000000000000000000000000000000000000000000000000000000000000000000000000000000000000000000000000000000000000000000000000000000000000000000000000000000000000000000000000000000000000000000000000000000000000000000000000000000000000000000000000000000000000000000000000000000000000000000000000000000000000000000000000000000000000000000000000000000000000000000000000000000000000000000000000000000000000000000000000000000000000000000000000000000000000000000000000000000000000000000000000000000000000000000000000000000000000000000000000000000000000000000000000000000000000000000000000000),
(4, 'test', 0x4c435353323100000500050408050709ced0000025017401000038842d2f8f00fe0060648600da013c64b4001a011746010028012029da0014015458d8002c010f40e10014009464a3006201ab64ac00a2007364cc005f0176643c005201c0640d013700a50c72008300ff632a006b019c6416005d01fc644e0058007a1ea000c3010364b7000401836460002b012c647a004801e9645500da006164550081013364cf004f0130640f00b4008064370033018564b8006c0123642700fc013b64e70065011d649a008300795106015a0164317f00610084196600fe00850a9800120145646800ef0082647f00cb00b664550021014264d100f8011a5743002f013f64a400b600f7584a00bd00ae5e53005b01bb641e00c301555a0d012601a515d0011d01a6172800aa002b53f8006d01a53267009600ff2b2c5e451e6628f4f60bd85b0d2d968dfa00ef8005040e61162d868b706f7dccf1f1f22d8253120ef25e13e58bd6fbaa806c7cc7fdda759584f491dc9bcb046a84ae8cdffa26fd7e12fd894a7d0b8d8183dcf8c6fc3e79dffe22f9fc83e6fe0ff814c07c8608aa416e797e7403341b07e8520cdaf9077227f7dbf8f26f13f14c7ee8fbbb78957c1911b71423f2560373133003740423004071ed7b36f5f00030036b808483717a286f00793f094a8735fd87045785948e4685aa07848a670a2fff1140a50e24e63403537c6a26aa7e7f0386159c05a6047a0d6cf138110401b40321fda00b6084f88ea68605768b0cfbfa848652fcb6929a116e155612b50057985a053404930a5f1baa865efbbe8f5408b105698a647a407efc83a95a3fb32a5e25480002a8219109c55d3503475bc1060064fc867bc009007a3c09ff0556fa0701643f7d657bcd0061497cff6d870700494b0cffc14a0800615445628e0601485977c081c200975a01fcc1ff6c0ac57765836d59691300e1be89fa52c2fbc9fdffff06c0c4c0c1c3c00f00b1b989737b6d74c11300e0408c4fc1c2ff6d78c178070505b9810fc1350600b381ff3eff09005e847d04806c0501768700c04acc005b89705a83c00500798a154a100028a8e72f3a3e5d31690a0066a8709fc172c113002aadf0c138c2f8c1ffc0c0fec1fd05ffc5c0c0040022af67b2080563b1f0fe384010c563b3f42effc0fefec00560fafc0700c6b60cfe93090549bd718bc1c264cc004cc166677bc216003ac7954573c1c1c173c397c2c58505007ec97a87cb0083c9014b4338c02dd5007bcf75c1c2c3ff883ac1c4c3701600ded090056e718376c0c26b770cc54edf69c390c1c06ec1c80057de6181c2c1ffc04dc00f00aae789c2c197067d0c00b2eb1042fec0fb0505abed80c0911501cff3a5c2c1c3ffffc184b4c1c769840b0089ff6d01c3c6c1c08cc10300913afafb06118a0462c3a0ce109e066cc4c2c4c4c04cc102101b0853785908d5200c4cfec07ec20910a00956c387781610796f6c3b45fefcfefc31fe4005550f10a20b0cc057fc055601109611509e1711d417a2c2c1c178c0c18451c4c5c2c0c1700310b8de0fc70511aa2029c23ac210992141c28cc00710882343807e051053234304810310862437c17a15d40e21ad926766889180050615c62a1750c00710063028c1c3c05d0510def41c5b06113f324377c2c3104132417ec40710a6f73ac683c10510ab3222fa061534374693c10510ed3f46c27c0510d33f1e930515964529c07a04109346346e051077493185c010784928c0850410d091225052430012430101c400a7012726000012459700000000000000000000000000000000000000000000000000000000000000000000000000000000000000000000000000000000000000000000000000000000000000000000000000000000000000000000000000000000000000000000000000000000000000000000000000000000000000000000000000000000000000000000000000000000000000000000000000000000000000000000000000000000000000000000000000000000000000000000000000000000000000000000000000000000000000000000000000000000000000000000000000000000000000000000000000000000000000000000000000000000000000000000000000000000000000000000000000000000000000000000000000000000000000000000000000000000000000000000000000000000000000000000000000000000000000000000000000000000000000000000000000000000000000000000000000000000000000000000000000000000000000000000000000000000000000000000000000000000000000000000000000000000000000000000000000000000000000000000000000000000000000000000000000000000000000000000000000000000000000000000000000000000000000000000000000000000000000000000000000000000000000000000000000000000000000000000000000000000000000000000000000000000000000000000000000000000000000000000000000000000000000000000000000000000000000000000000000000000000000000000000000000000000000000000000000000000000000000000000000000000000000000000000000000000000000000000000000000000000000000000000000000000000000000000000000000000000000000000000000000000000000000000000000000000000000000000000000000000000000000000000000000000000000000000000000000000000000000000000000000000000000000000000000000000000000000000000000000000000000000000000000000000000000000000000000),
(5, 'test2', 0x4ac35353323100000380830408050709ced000002381740100003c83ad238e80f3009a646700c10147e46100d6006e646300ad80236447000d011264d0803401a32ce300ea01ab876c0077008664170056819a22e60050016614fc8053019c1196008000959a7f00f30022586400bd809d64bd00ce0061646d80ac00146460006d0079e4680046012864bf0087801264f3002d0176094a8059013a64bc00ae018cc54b0068007c5494004a800a587400ff00f15b6e80cb00876473007c0085e45200c00009644d004681325e83004f01736496807f009564eb008301218b6c0069012a64d0012a81491061004f004f5a66f8546b565b2d10e027b1ecf4e9bd67eae968888502128d9e949fa4ba6bd27cf8832208d5f48c040e0a1c758e0e02f218f9d2fb470cb0835509240a7efe68fa9aea670eea0248935c88bdf0c5e3747cf9786a1872088686860f9f13fc9cad8f1568e0f65ef364775af49601c88d6603bb03490c1993831031955b124387d2f41eedc06fcf70e6f516fa4080c110a286bdf02914fc9f5e99c8018983ac778c019a8ea09f4d938987657fcd8cab0b9c875993ef8d660777121f75b083b08a12fe37751205eaf273958c2cb6a185805611eb07fe8f9f1f01202e01c4b9173802009b3d20c1cd0077ba11ffc136fe0bc5543d894e4f530c00548206fc7ec0feff55550dc5435286c0c0fd41ffc13a6c0e804258095dfdff81560480436009573d0dc53d737ac1fdfc76feff3a6a07803879fa3d0600b1828540c3c1c109007c4710c3b2590a007b88138358438a01318df73cff3b4612802f97f4c02ac0f0fe657f4005005fa87d07860980329ff434c0fe3a3d0f8070ae16c12b58891103b2abf0fefffc473a40c2bec00600aaaf1e05fd6c8301a6b222c107c571b613a28b070071bb49c391420c0079bb13fd90455b410f0057bd03feeb55c340c15304004fc2b5900b806acd86c2c3c306890f8072cd16fffd5ba17e0b805ed974c3c3c3b90403e0eb6da70c006f2b1efe4152c2ffc26d04c563ecebc4c10b008ff06791c245a0ff0e008bf55fc0c044c4c2c48c7c0ac565f4ebc79567fd0a0047f81dbec17ec10a00923d2241407ffe0d0067fb99c3c744c1c2c3fe84c1c3106d8642c1c65b0510bd3ea77f270c1074062480c0c2f5c1c0081047128688c3d90a1073142d70bfc1288310032337c203d5e734a2c005108a492d008406906d4a34c39952870011c3000101006c01cb38038013455200000000000000000000000000000000000000000000000000000000000000000000000000000000000000000000000000000000000000000000000000000000000000000000000000000000000000000000000000000000000000000000000000000000000000000000000000000000000000000000000000000000000000000000000000000000000000000000000000000000000000000000000000000000000000000000000000000000000000000000000000000000000000000000000000000000000000000000000000000000000000000000000000000000000000000000000000000000000000000000000000000000000000000000000000000000000000000000000000000000000000000000000000000000000000000000000000000000000000000000000000000000000000000000000000000000000000000000000000000000000000000000000000000000000000000000000000000000000000000000000000000000000000000000000000000000000000000000000000000000000000000000000000000000000000000000000000000000000000000000000000000000000000000000000000000000000000000000000000000000000000000000000000000000000000000000000000000000000000000000000000000000000000000000000000000000000000000000000000000000000000000000000000000000000000000000000000000000000000000000000000000000000000000000000000000000000000000000000000000000000000000000000000000000000000000000000000000000000000000000000000000000000000000000000000000000000000000000000000000000000000000000000000000000000000000000000000000000000000000000000000000000000000000000000000000000000000000000000000000000000000000000000000000000000000000000000000000000000000000000000000000000000000000000000000000000000000000000000000000000000000000000000000000000000000000000000000000000000000000000000000000000000000000000000000000000000000000000000000000000000000000000000000000000000000000000000000000000000000000000000000000000000000000000000000000000000000000000000000000000000000000000000000000000000000000000000000000000000000000000000000000000000000000000000000000000000000000000000000000000000000000000000000000000000000000000000000000000000000000000000000000000000000000000000000000000000000000000000000000000000000000000000000000000000000000000000000000000000000000000000000000000000000000000000000000000000000000000000000000000000000000000000000000000000000000000000000000000000000000000000000000000000000000000000000000000000000000000000000000000000000000000000000000000000000000000000000000000000000000000000000000000000000000000000000),
(6, 'clear', 0x4c475353323100000504060408050709ced0000025057401000042842937960408019264b9002500a560760010013c64b400d2046864d0000e016d6475041e01d4649100fe012a607f00af008b64ac003805c3645d00ae00ae6445042601c42705011500b4330a01f800ad0abd008d0410641701ef00f60bd004640126648200aa01b44ea50074008f64c4015705b31831005a01f313890438008d2caf00c201a66076000201585040001b054064d200f200e0646604ea00f945a900fd0128605600d1005f644200450531647000a400d664a804920097640701ce01a2240a01e400ac0afd00bb04e848da008c00646449045501ac289700aa01ab3dbe006d014464ca013005bd1487006f00ca64e6046600a2648900d501255a7400eb0069645600210537616800f9003064c504c500a1646b00e10145606400c20006642800de04a364f4001a016664c504920099640101da01a21d6500900073649e005705b53260005f01f82951734852315fad033f7c2bfa04e49568451d9401c46270729d876205230609927c98ad95c003d0fa480290795e847a2044861c16c7940159456627f8bf83d204f3180505f813ff85b87c1d09950124a2b8074407b588ed88638cc8e24a74d77bd105a7769284788326f816fb67f83a88920d418f468796f83e8626033f7f5d1323fd5382681cc164453ac8205408e005a17ff6848785bc0088916192d10237f8cff900592dfb516bf903d37423fc8989d9a9dca2ec059f08e7f8a1fde0013802f478150189fd6b8d8f869fe7550baa029e0cd4fce8724d7b55fd176e82852c22be9aef1aa8171f08671ac9037983129c2f063a0a5717489368e0e4e198717575d10118f4fc1e8c0a3dfca19cac8d2c07a208137c206edc068086d8a92d9ea59e08f3effc437dedfcc1feabfe6c01dcfb8a0f6904600104ebfc6639625a0838784c0ca4f6f588d992cb7da3bba5bb933b0e20fb01074f1c740800a226d2fec4c43f0900bb2d1c3ac130860900952c16c13bc0fa510c008d3313c005fefac4c1c045c00f00b03909532ec044c0c1ffd4006544024cfffdc0ff9650650801574b00ffc13bff34c63412004c5cededfefbfb3645ffff5710c5675e07fe3044ffc0c03a640b046b6b0938c0fe38c24f5f0500e86b2768cd00446cf6c031470300996f74c40700886f0f4b3a0a053b83f0ff2bfe35d5007c8c0d3e30c07458050505659177c2731100858be82dfefefffe4f58aa08056d9306fe3e3805c5619370c0880800c598e758c5c4c10d003997f00427373cff0a0072a30c85ff43c404006aa57ac107c306045aad70c20700beb18cc7c4c07d060083741651fb17002dbce2413bfff945c13e645bff10c568c607fffefffe45ff3ac3fac4700800c4c824b6c05c030157d460805bc1103725353a08006ed8b4c5c484c00d0033dcdcf5fff9faff2fff0300f31b20c50c01bde42443c2af080567e4ebfbfcfdc0fa100530e9dac0fdffc03e2a3d43110066e9f7fb3b2b4ac6c1c07f0900742e70c3c5c384c20b005f285a8cc6ffc5680400d636225c0001d1f529840ec56af3f3fa23c1ff52c046051571025ec48d0f107504ac7397c6c4c1c1c2aa0d158b099ac3c7c4a34083130432fcccfdffff39233440c165c35a0a10700c2266c068fb09108bca13f9c4428209108813e1c1f855480311081337050815801829fa885308d57d194287c2390410f8db1efffa0610842449c207c268021172253d67c2c110452f42c5c1071091e92dc5c4c1460510ab3be8c07e01119340307305d56a463ec26e0000000000000000000000000000000000000000000000000000000000000000000000000000000000000000000000000000000000000000000000000000000000000000000000000000000000000000000000000000000000000000000000000000000000000000000000000000000000000000000000000000000000000000000000000000000000000000000000000000000000000000000000000000000000000000000000000000000000000000000000000000000000000000000000000000000000000000000000000000000000000000000000000000000000000000000000000000000000000000000000000000000000000000000000000000000000000000000000000000000000000000000000000000000000000000000000000000000000000000000000000000000000000000000000000000000000000000000000000000000000000000000000000000000000000000000000000000000000000000000000000000000000000000000000000000000000000000000000000000000000000000000000000000000000000000000000000000000000000000000000000000000000000000000000000000000000000000000000000000000000000000000000000000000000000000000000000000000000000000000000000000000000000000000000000000000000000000000000000000000000000000000000000000000000000000000000000000000000000000000000000000000000000000000000000000000000000000000000000000000000000000000000000000000000000000000000000000000000000000000000000000000000000000000000000000000000000000000000000000000000000000000000000000000000000000000000000000000000000000000000000000000000000000000000000000000000000000000000000000000000000000000000000000000000000000000000000000000000000000000000000000000000000000000000000000000000000000000000000000000000000000000000000000000000000000);

--
-- Indexes for dumped tables
--

--
-- Indexes for table `students`
--
ALTER TABLE `students`
  ADD PRIMARY KEY (`examinee_no`),
  ADD UNIQUE KEY `examinee_no` (`examinee_no`);

--
-- Indexes for table `users`
--
ALTER TABLE `users`
  ADD PRIMARY KEY (`id`);

--
-- AUTO_INCREMENT for dumped tables
--

--
-- AUTO_INCREMENT for table `users`
--
ALTER TABLE `users`
  MODIFY `id` int(11) NOT NULL AUTO_INCREMENT, AUTO_INCREMENT=7;
--
-- Database: `inventorysystem`
--
CREATE DATABASE IF NOT EXISTS `inventorysystem` DEFAULT CHARACTER SET utf8mb4 COLLATE utf8mb4_general_ci;
USE `inventorysystem`;

-- --------------------------------------------------------

--
-- Table structure for table `category`
--

CREATE TABLE `category` (
  `id` int(11) NOT NULL,
  `name` varchar(250) NOT NULL,
  `code` varchar(50) NOT NULL
) ENGINE=InnoDB DEFAULT CHARSET=utf8mb4 COLLATE=utf8mb4_general_ci;

--
-- Dumping data for table `category`
--

INSERT INTO `category` (`id`, `name`, `code`) VALUES
(1, 'Raw Materials ', 'RM01');

-- --------------------------------------------------------

--
-- Table structure for table `items`
--

CREATE TABLE `items` (
  `id` int(11) NOT NULL,
  `name` varchar(100) NOT NULL,
  `min_stock_level` int(11) NOT NULL,
  `max_stock_level` int(11) NOT NULL,
  `image_path` varchar(100) DEFAULT NULL,
  `current_stock` int(11) DEFAULT 0,
  `category_id` int(11) DEFAULT NULL,
  `unit_id` int(11) DEFAULT NULL
) ENGINE=InnoDB DEFAULT CHARSET=utf8mb4 COLLATE=utf8mb4_general_ci;

--
-- Dumping data for table `items`
--

INSERT INTO `items` (`id`, `name`, `min_stock_level`, `max_stock_level`, `image_path`, `current_stock`, `category_id`, `unit_id`) VALUES
(9, 'Molasis', 10, 1000, 'http://localhost:5000/images/image_1754354681448.jpg', 1000, 1, 12),
(10, 'Sacks', 5, 2000, 'http://localhost:5000/images/image_1754358770633.jpg', 982, 1, 13),
(13, 'Bilog', 100, 2000, 'http://localhost:5000/images/image_1754359766166.jpg', 140, 1, 11),
(14, 'GalaGala', 100, 2000, 'http://localhost:5000/images/image_1754359799879.jpg', 150, 1, 11),
(16, 'Sugar', 100, 10000, NULL, 2000, 1, 11);

-- --------------------------------------------------------

--
-- Table structure for table `remarks`
--

CREATE TABLE `remarks` (
  `id` int(11) NOT NULL,
  `item_id` int(11) DEFAULT NULL,
  `description` varchar(500) DEFAULT NULL,
  `date` varchar(50) DEFAULT NULL,
  `attachment` varchar(256) DEFAULT NULL,
  `user_id` int(11) DEFAULT NULL
) ENGINE=InnoDB DEFAULT CHARSET=utf8mb4 COLLATE=utf8mb4_general_ci;

--
-- Dumping data for table `remarks`
--

INSERT INTO `remarks` (`id`, `item_id`, `description`, `date`, `attachment`, `user_id`) VALUES
(15, 9, 'Test', '8/5/2025', 'http://localhost:5000/attachments/attachment_1754355686097.png', 1001),
(16, 10, 'Test', '8/5/2025', NULL, 1001),
(17, 13, 'test', '8/5/2025', NULL, 1001),
(18, 14, 'test', '8/5/2025', NULL, 1001),
(19, 9, 'test', '8/5/2025', NULL, 1001),
(20, 16, 'test', '8/5/2025', NULL, 1001);

-- --------------------------------------------------------

--
-- Table structure for table `stage_one`
--

CREATE TABLE `stage_one` (
  `id` int(11) NOT NULL,
  `sugar` int(11) DEFAULT NULL,
  `bilog` int(11) DEFAULT NULL,
  `gala` int(11) DEFAULT NULL,
  `sacks` int(11) DEFAULT NULL,
  `reject_bilog` int(11) DEFAULT NULL,
  `reject_gala` int(11) DEFAULT NULL,
  `total_produce` int(11) DEFAULT NULL
) ENGINE=InnoDB DEFAULT CHARSET=utf8mb4 COLLATE=utf8mb4_general_ci;

--
-- Dumping data for table `stage_one`
--

INSERT INTO `stage_one` (`id`, `sugar`, `bilog`, `gala`, `sacks`, `reject_bilog`, `reject_gala`, `total_produce`) VALUES
(3, 1000, 100, 50, 6, 20, 20, 300);

-- --------------------------------------------------------

--
-- Table structure for table `units`
--

CREATE TABLE `units` (
  `id` int(11) NOT NULL,
  `name` varchar(50) NOT NULL
) ENGINE=InnoDB DEFAULT CHARSET=utf8mb4 COLLATE=utf8mb4_general_ci;

--
-- Dumping data for table `units`
--

INSERT INTO `units` (`id`, `name`) VALUES
(11, 'kg'),
(12, 'ton'),
(13, 'pcs'),
(14, 'sugar'),
(15, 'sugar'),
(16, 'Sugar'),
(17, 'Sugar'),
(18, 'Sugar');

-- --------------------------------------------------------

--
-- Table structure for table `users`
--

CREATE TABLE `users` (
  `id` int(11) NOT NULL,
  `username` varchar(50) NOT NULL,
  `password` varchar(255) NOT NULL,
  `role` enum('Admin','Staff','Auditor') NOT NULL DEFAULT 'Staff'
) ENGINE=InnoDB DEFAULT CHARSET=utf8mb4 COLLATE=utf8mb4_general_ci;

--
-- Dumping data for table `users`
--

INSERT INTO `users` (`id`, `username`, `password`, `role`) VALUES
(1001, 'admin', '$2b$10$vKHTRD40dNo1eX1vR4.dFe0/SkYoXkWkuKSLtjvi3jFPjTM077IcK', 'Admin'),
(1002, 'user', '$2b$10$qV50WpwmNCrxy7mtqEp/kOU2Uo6iIZdXBa4twbJOy2xqORU9H8oQy', 'Staff');

--
-- Indexes for dumped tables
--

--
-- Indexes for table `category`
--
ALTER TABLE `category`
  ADD PRIMARY KEY (`id`);

--
-- Indexes for table `items`
--
ALTER TABLE `items`
  ADD PRIMARY KEY (`id`),
  ADD KEY `fk_items_category` (`category_id`),
  ADD KEY `fk_items_unit` (`unit_id`);

--
-- Indexes for table `remarks`
--
ALTER TABLE `remarks`
  ADD PRIMARY KEY (`id`),
  ADD KEY `item_id` (`item_id`),
  ADD KEY `remarks_user_fk` (`user_id`);

--
-- Indexes for table `stage_one`
--
ALTER TABLE `stage_one`
  ADD PRIMARY KEY (`id`);

--
-- Indexes for table `units`
--
ALTER TABLE `units`
  ADD PRIMARY KEY (`id`);

--
-- Indexes for table `users`
--
ALTER TABLE `users`
  ADD PRIMARY KEY (`id`),
  ADD UNIQUE KEY `username` (`username`);

--
-- AUTO_INCREMENT for dumped tables
--

--
-- AUTO_INCREMENT for table `category`
--
ALTER TABLE `category`
  MODIFY `id` int(11) NOT NULL AUTO_INCREMENT, AUTO_INCREMENT=2;

--
-- AUTO_INCREMENT for table `items`
--
ALTER TABLE `items`
  MODIFY `id` int(11) NOT NULL AUTO_INCREMENT, AUTO_INCREMENT=17;

--
-- AUTO_INCREMENT for table `remarks`
--
ALTER TABLE `remarks`
  MODIFY `id` int(11) NOT NULL AUTO_INCREMENT, AUTO_INCREMENT=21;

--
-- AUTO_INCREMENT for table `stage_one`
--
ALTER TABLE `stage_one`
  MODIFY `id` int(11) NOT NULL AUTO_INCREMENT, AUTO_INCREMENT=4;

--
-- AUTO_INCREMENT for table `units`
--
ALTER TABLE `units`
  MODIFY `id` int(11) NOT NULL AUTO_INCREMENT, AUTO_INCREMENT=19;

--
-- AUTO_INCREMENT for table `users`
--
ALTER TABLE `users`
  MODIFY `id` int(11) NOT NULL AUTO_INCREMENT, AUTO_INCREMENT=1003;

--
-- Constraints for dumped tables
--

--
-- Constraints for table `items`
--
ALTER TABLE `items`
  ADD CONSTRAINT `fk_items_category` FOREIGN KEY (`category_id`) REFERENCES `category` (`id`),
  ADD CONSTRAINT `fk_items_unit` FOREIGN KEY (`unit_id`) REFERENCES `units` (`id`);

--
-- Constraints for table `remarks`
--
ALTER TABLE `remarks`
  ADD CONSTRAINT `remarks_ibfk_1` FOREIGN KEY (`item_id`) REFERENCES `items` (`id`),
  ADD CONSTRAINT `remarks_user_fk` FOREIGN KEY (`user_id`) REFERENCES `users` (`id`) ON DELETE SET NULL ON UPDATE CASCADE;
--
-- Database: `phpmyadmin`
--
CREATE DATABASE IF NOT EXISTS `phpmyadmin` DEFAULT CHARACTER SET utf8 COLLATE utf8_bin;
USE `phpmyadmin`;

-- --------------------------------------------------------

--
-- Table structure for table `pma__bookmark`
--

CREATE TABLE `pma__bookmark` (
  `id` int(10) UNSIGNED NOT NULL,
  `dbase` varchar(255) NOT NULL DEFAULT '',
  `user` varchar(255) NOT NULL DEFAULT '',
  `label` varchar(255) CHARACTER SET utf8 COLLATE utf8_general_ci NOT NULL DEFAULT '',
  `query` text NOT NULL
) ENGINE=InnoDB DEFAULT CHARSET=utf8 COLLATE=utf8_bin COMMENT='Bookmarks';

-- --------------------------------------------------------

--
-- Table structure for table `pma__central_columns`
--

CREATE TABLE `pma__central_columns` (
  `db_name` varchar(64) NOT NULL,
  `col_name` varchar(64) NOT NULL,
  `col_type` varchar(64) NOT NULL,
  `col_length` text DEFAULT NULL,
  `col_collation` varchar(64) NOT NULL,
  `col_isNull` tinyint(1) NOT NULL,
  `col_extra` varchar(255) DEFAULT '',
  `col_default` text DEFAULT NULL
) ENGINE=InnoDB DEFAULT CHARSET=utf8 COLLATE=utf8_bin COMMENT='Central list of columns';

-- --------------------------------------------------------

--
-- Table structure for table `pma__column_info`
--

CREATE TABLE `pma__column_info` (
  `id` int(5) UNSIGNED NOT NULL,
  `db_name` varchar(64) NOT NULL DEFAULT '',
  `table_name` varchar(64) NOT NULL DEFAULT '',
  `column_name` varchar(64) NOT NULL DEFAULT '',
  `comment` varchar(255) CHARACTER SET utf8 COLLATE utf8_general_ci NOT NULL DEFAULT '',
  `mimetype` varchar(255) CHARACTER SET utf8 COLLATE utf8_general_ci NOT NULL DEFAULT '',
  `transformation` varchar(255) NOT NULL DEFAULT '',
  `transformation_options` varchar(255) NOT NULL DEFAULT '',
  `input_transformation` varchar(255) NOT NULL DEFAULT '',
  `input_transformation_options` varchar(255) NOT NULL DEFAULT ''
) ENGINE=InnoDB DEFAULT CHARSET=utf8 COLLATE=utf8_bin COMMENT='Column information for phpMyAdmin';

-- --------------------------------------------------------

--
-- Table structure for table `pma__designer_settings`
--

CREATE TABLE `pma__designer_settings` (
  `username` varchar(64) NOT NULL,
  `settings_data` text NOT NULL
) ENGINE=InnoDB DEFAULT CHARSET=utf8 COLLATE=utf8_bin COMMENT='Settings related to Designer';

--
-- Dumping data for table `pma__designer_settings`
--

INSERT INTO `pma__designer_settings` (`username`, `settings_data`) VALUES
('root', '{\"angular_direct\":\"direct\",\"relation_lines\":\"true\",\"snap_to_grid\":\"off\"}');

-- --------------------------------------------------------

--
-- Table structure for table `pma__export_templates`
--

CREATE TABLE `pma__export_templates` (
  `id` int(5) UNSIGNED NOT NULL,
  `username` varchar(64) NOT NULL,
  `export_type` varchar(10) NOT NULL,
  `template_name` varchar(64) NOT NULL,
  `template_data` text NOT NULL
) ENGINE=InnoDB DEFAULT CHARSET=utf8 COLLATE=utf8_bin COMMENT='Saved export templates';

--
-- Dumping data for table `pma__export_templates`
--

INSERT INTO `pma__export_templates` (`id`, `username`, `export_type`, `template_name`, `template_data`) VALUES
(1, 'root', 'database', 'enrollment_db', '{\"quick_or_custom\":\"quick\",\"what\":\"sql\",\"structure_or_data_forced\":\"0\",\"table_select[]\":[\"enrollment\",\"person\",\"subject\"],\"table_structure[]\":[\"enrollment\",\"person\",\"subject\"],\"table_data[]\":[\"enrollment\",\"person\",\"subject\"],\"aliases_new\":\"\",\"output_format\":\"sendit\",\"filename_template\":\"@DATABASE@\",\"remember_template\":\"on\",\"charset\":\"utf-8\",\"compression\":\"none\",\"maxsize\":\"\",\"codegen_structure_or_data\":\"data\",\"codegen_format\":\"0\",\"csv_separator\":\",\",\"csv_enclosed\":\"\\\"\",\"csv_escaped\":\"\\\"\",\"csv_terminated\":\"AUTO\",\"csv_null\":\"NULL\",\"csv_columns\":\"something\",\"csv_structure_or_data\":\"data\",\"excel_null\":\"NULL\",\"excel_columns\":\"something\",\"excel_edition\":\"win\",\"excel_structure_or_data\":\"data\",\"json_structure_or_data\":\"data\",\"json_unicode\":\"something\",\"latex_caption\":\"something\",\"latex_structure_or_data\":\"structure_and_data\",\"latex_structure_caption\":\"Structure of table @TABLE@\",\"latex_structure_continued_caption\":\"Structure of table @TABLE@ (continued)\",\"latex_structure_label\":\"tab:@TABLE@-structure\",\"latex_relation\":\"something\",\"latex_comments\":\"something\",\"latex_mime\":\"something\",\"latex_columns\":\"something\",\"latex_data_caption\":\"Content of table @TABLE@\",\"latex_data_continued_caption\":\"Content of table @TABLE@ (continued)\",\"latex_data_label\":\"tab:@TABLE@-data\",\"latex_null\":\"\\\\textit{NULL}\",\"mediawiki_structure_or_data\":\"structure_and_data\",\"mediawiki_caption\":\"something\",\"mediawiki_headers\":\"something\",\"htmlword_structure_or_data\":\"structure_and_data\",\"htmlword_null\":\"NULL\",\"ods_null\":\"NULL\",\"ods_structure_or_data\":\"data\",\"odt_structure_or_data\":\"structure_and_data\",\"odt_relation\":\"something\",\"odt_comments\":\"something\",\"odt_mime\":\"something\",\"odt_columns\":\"something\",\"odt_null\":\"NULL\",\"pdf_report_title\":\"\",\"pdf_structure_or_data\":\"structure_and_data\",\"phparray_structure_or_data\":\"data\",\"sql_include_comments\":\"something\",\"sql_header_comment\":\"\",\"sql_use_transaction\":\"something\",\"sql_compatibility\":\"NONE\",\"sql_structure_or_data\":\"structure_and_data\",\"sql_create_table\":\"something\",\"sql_auto_increment\":\"something\",\"sql_create_view\":\"something\",\"sql_procedure_function\":\"something\",\"sql_create_trigger\":\"something\",\"sql_backquotes\":\"something\",\"sql_type\":\"INSERT\",\"sql_insert_syntax\":\"both\",\"sql_max_query_size\":\"50000\",\"sql_hex_for_binary\":\"something\",\"sql_utc_time\":\"something\",\"texytext_structure_or_data\":\"structure_and_data\",\"texytext_null\":\"NULL\",\"xml_structure_or_data\":\"data\",\"xml_export_events\":\"something\",\"xml_export_functions\":\"something\",\"xml_export_procedures\":\"something\",\"xml_export_tables\":\"something\",\"xml_export_triggers\":\"something\",\"xml_export_views\":\"something\",\"xml_export_contents\":\"something\",\"yaml_structure_or_data\":\"data\",\"\":null,\"lock_tables\":null,\"as_separate_files\":null,\"csv_removeCRLF\":null,\"excel_removeCRLF\":null,\"json_pretty_print\":null,\"htmlword_columns\":null,\"ods_columns\":null,\"sql_dates\":null,\"sql_relation\":null,\"sql_mime\":null,\"sql_disable_fk\":null,\"sql_views_as_tables\":null,\"sql_metadata\":null,\"sql_create_database\":null,\"sql_drop_table\":null,\"sql_if_not_exists\":null,\"sql_simple_view_export\":null,\"sql_view_current_user\":null,\"sql_or_replace_view\":null,\"sql_truncate\":null,\"sql_delayed\":null,\"sql_ignore\":null,\"texytext_columns\":null}');

-- --------------------------------------------------------

--
-- Table structure for table `pma__favorite`
--

CREATE TABLE `pma__favorite` (
  `username` varchar(64) NOT NULL,
  `tables` text NOT NULL
) ENGINE=InnoDB DEFAULT CHARSET=utf8 COLLATE=utf8_bin COMMENT='Favorite tables';

-- --------------------------------------------------------

--
-- Table structure for table `pma__history`
--

CREATE TABLE `pma__history` (
  `id` bigint(20) UNSIGNED NOT NULL,
  `username` varchar(64) NOT NULL DEFAULT '',
  `db` varchar(64) NOT NULL DEFAULT '',
  `table` varchar(64) NOT NULL DEFAULT '',
  `timevalue` timestamp NOT NULL DEFAULT current_timestamp(),
  `sqlquery` text NOT NULL
) ENGINE=InnoDB DEFAULT CHARSET=utf8 COLLATE=utf8_bin COMMENT='SQL history for phpMyAdmin';

-- --------------------------------------------------------

--
-- Table structure for table `pma__navigationhiding`
--

CREATE TABLE `pma__navigationhiding` (
  `username` varchar(64) NOT NULL,
  `item_name` varchar(64) NOT NULL,
  `item_type` varchar(64) NOT NULL,
  `db_name` varchar(64) NOT NULL,
  `table_name` varchar(64) NOT NULL
) ENGINE=InnoDB DEFAULT CHARSET=utf8 COLLATE=utf8_bin COMMENT='Hidden items of navigation tree';

-- --------------------------------------------------------

--
-- Table structure for table `pma__pdf_pages`
--

CREATE TABLE `pma__pdf_pages` (
  `db_name` varchar(64) NOT NULL DEFAULT '',
  `page_nr` int(10) UNSIGNED NOT NULL,
  `page_descr` varchar(50) CHARACTER SET utf8 COLLATE utf8_general_ci NOT NULL DEFAULT ''
) ENGINE=InnoDB DEFAULT CHARSET=utf8 COLLATE=utf8_bin COMMENT='PDF relation pages for phpMyAdmin';

-- --------------------------------------------------------

--
-- Table structure for table `pma__recent`
--

CREATE TABLE `pma__recent` (
  `username` varchar(64) NOT NULL,
  `tables` text NOT NULL
) ENGINE=InnoDB DEFAULT CHARSET=utf8 COLLATE=utf8_bin COMMENT='Recently accessed tables';

--
-- Dumping data for table `pma__recent`
--

INSERT INTO `pma__recent` (`username`, `tables`) VALUES
('root', '[{\"db\":\"inventorysystem\",\"table\":\"items\"},{\"db\":\"inventorysystem\",\"table\":\"stage_one\"},{\"db\":\"inventorysystem\",\"table\":\"users\"},{\"db\":\"inventorysystem\",\"table\":\"stage1\"},{\"db\":\"inventorysystem\",\"table\":\"units\"},{\"db\":\"inventorysystem\",\"table\":\"category\"},{\"db\":\"inventorysystem\",\"table\":\"remarks\"},{\"db\":\"test\",\"table\":\"users\"},{\"db\":\"db\",\"table\":\"students\"},{\"db\":\"db\",\"table\":\"users\"}]');

-- --------------------------------------------------------

--
-- Table structure for table `pma__relation`
--

CREATE TABLE `pma__relation` (
  `master_db` varchar(64) NOT NULL DEFAULT '',
  `master_table` varchar(64) NOT NULL DEFAULT '',
  `master_field` varchar(64) NOT NULL DEFAULT '',
  `foreign_db` varchar(64) NOT NULL DEFAULT '',
  `foreign_table` varchar(64) NOT NULL DEFAULT '',
  `foreign_field` varchar(64) NOT NULL DEFAULT ''
) ENGINE=InnoDB DEFAULT CHARSET=utf8 COLLATE=utf8_bin COMMENT='Relation table';

-- --------------------------------------------------------

--
-- Table structure for table `pma__savedsearches`
--

CREATE TABLE `pma__savedsearches` (
  `id` int(5) UNSIGNED NOT NULL,
  `username` varchar(64) NOT NULL DEFAULT '',
  `db_name` varchar(64) NOT NULL DEFAULT '',
  `search_name` varchar(64) NOT NULL DEFAULT '',
  `search_data` text NOT NULL
) ENGINE=InnoDB DEFAULT CHARSET=utf8 COLLATE=utf8_bin COMMENT='Saved searches';

-- --------------------------------------------------------

--
-- Table structure for table `pma__table_coords`
--

CREATE TABLE `pma__table_coords` (
  `db_name` varchar(64) NOT NULL DEFAULT '',
  `table_name` varchar(64) NOT NULL DEFAULT '',
  `pdf_page_number` int(11) NOT NULL DEFAULT 0,
  `x` float UNSIGNED NOT NULL DEFAULT 0,
  `y` float UNSIGNED NOT NULL DEFAULT 0
) ENGINE=InnoDB DEFAULT CHARSET=utf8 COLLATE=utf8_bin COMMENT='Table coordinates for phpMyAdmin PDF output';

-- --------------------------------------------------------

--
-- Table structure for table `pma__table_info`
--

CREATE TABLE `pma__table_info` (
  `db_name` varchar(64) NOT NULL DEFAULT '',
  `table_name` varchar(64) NOT NULL DEFAULT '',
  `display_field` varchar(64) NOT NULL DEFAULT ''
) ENGINE=InnoDB DEFAULT CHARSET=utf8 COLLATE=utf8_bin COMMENT='Table information for phpMyAdmin';

-- --------------------------------------------------------

--
-- Table structure for table `pma__table_uiprefs`
--

CREATE TABLE `pma__table_uiprefs` (
  `username` varchar(64) NOT NULL,
  `db_name` varchar(64) NOT NULL,
  `table_name` varchar(64) NOT NULL,
  `prefs` text NOT NULL,
  `last_update` timestamp NOT NULL DEFAULT current_timestamp() ON UPDATE current_timestamp()
) ENGINE=InnoDB DEFAULT CHARSET=utf8 COLLATE=utf8_bin COMMENT='Tables'' UI preferences';

--
-- Dumping data for table `pma__table_uiprefs`
--

INSERT INTO `pma__table_uiprefs` (`username`, `db_name`, `table_name`, `prefs`, `last_update`) VALUES
('root', 'db', 'users', '{\"sorted_col\":\"`users`.`fingerprint_template` ASC\"}', '2025-07-13 06:03:41'),
('root', 'inventorysystem', 'items', '{\"CREATE_TIME\":\"2025-08-04 17:21:05\",\"col_order\":[0,1,2,3,4,7,5,6],\"col_visib\":[1,1,1,1,1,1,1,1]}', '2025-08-04 15:12:27'),
('root', 'inventorysystem', 'remarks', '{\"CREATE_TIME\":\"2025-08-01 23:43:41\",\"col_order\":[0,5,1,2,3,4],\"col_visib\":[1,1,1,1,1,1],\"sorted_col\":\"`user_id` ASC\"}', '2025-08-05 00:41:01');

-- --------------------------------------------------------

--
-- Table structure for table `pma__tracking`
--

CREATE TABLE `pma__tracking` (
  `db_name` varchar(64) NOT NULL,
  `table_name` varchar(64) NOT NULL,
  `version` int(10) UNSIGNED NOT NULL,
  `date_created` datetime NOT NULL,
  `date_updated` datetime NOT NULL,
  `schema_snapshot` text NOT NULL,
  `schema_sql` text DEFAULT NULL,
  `data_sql` longtext DEFAULT NULL,
  `tracking` set('UPDATE','REPLACE','INSERT','DELETE','TRUNCATE','CREATE DATABASE','ALTER DATABASE','DROP DATABASE','CREATE TABLE','ALTER TABLE','RENAME TABLE','DROP TABLE','CREATE INDEX','DROP INDEX','CREATE VIEW','ALTER VIEW','DROP VIEW') DEFAULT NULL,
  `tracking_active` int(1) UNSIGNED NOT NULL DEFAULT 1
) ENGINE=InnoDB DEFAULT CHARSET=utf8 COLLATE=utf8_bin COMMENT='Database changes tracking for phpMyAdmin';

-- --------------------------------------------------------

--
-- Table structure for table `pma__userconfig`
--

CREATE TABLE `pma__userconfig` (
  `username` varchar(64) NOT NULL,
  `timevalue` timestamp NOT NULL DEFAULT current_timestamp() ON UPDATE current_timestamp(),
  `config_data` text NOT NULL
) ENGINE=InnoDB DEFAULT CHARSET=utf8 COLLATE=utf8_bin COMMENT='User preferences storage for phpMyAdmin';

--
-- Dumping data for table `pma__userconfig`
--

INSERT INTO `pma__userconfig` (`username`, `timevalue`, `config_data`) VALUES
('root', '2025-08-05 04:49:26', '{\"Console\\/Mode\":\"collapse\"}');

-- --------------------------------------------------------

--
-- Table structure for table `pma__usergroups`
--

CREATE TABLE `pma__usergroups` (
  `usergroup` varchar(64) NOT NULL,
  `tab` varchar(64) NOT NULL,
  `allowed` enum('Y','N') NOT NULL DEFAULT 'N'
) ENGINE=InnoDB DEFAULT CHARSET=utf8 COLLATE=utf8_bin COMMENT='User groups with configured menu items';

-- --------------------------------------------------------

--
-- Table structure for table `pma__users`
--

CREATE TABLE `pma__users` (
  `username` varchar(64) NOT NULL,
  `usergroup` varchar(64) NOT NULL
) ENGINE=InnoDB DEFAULT CHARSET=utf8 COLLATE=utf8_bin COMMENT='Users and their assignments to user groups';

--
-- Indexes for dumped tables
--

--
-- Indexes for table `pma__bookmark`
--
ALTER TABLE `pma__bookmark`
  ADD PRIMARY KEY (`id`);

--
-- Indexes for table `pma__central_columns`
--
ALTER TABLE `pma__central_columns`
  ADD PRIMARY KEY (`db_name`,`col_name`);

--
-- Indexes for table `pma__column_info`
--
ALTER TABLE `pma__column_info`
  ADD PRIMARY KEY (`id`),
  ADD UNIQUE KEY `db_name` (`db_name`,`table_name`,`column_name`);

--
-- Indexes for table `pma__designer_settings`
--
ALTER TABLE `pma__designer_settings`
  ADD PRIMARY KEY (`username`);

--
-- Indexes for table `pma__export_templates`
--
ALTER TABLE `pma__export_templates`
  ADD PRIMARY KEY (`id`),
  ADD UNIQUE KEY `u_user_type_template` (`username`,`export_type`,`template_name`);

--
-- Indexes for table `pma__favorite`
--
ALTER TABLE `pma__favorite`
  ADD PRIMARY KEY (`username`);

--
-- Indexes for table `pma__history`
--
ALTER TABLE `pma__history`
  ADD PRIMARY KEY (`id`),
  ADD KEY `username` (`username`,`db`,`table`,`timevalue`);

--
-- Indexes for table `pma__navigationhiding`
--
ALTER TABLE `pma__navigationhiding`
  ADD PRIMARY KEY (`username`,`item_name`,`item_type`,`db_name`,`table_name`);

--
-- Indexes for table `pma__pdf_pages`
--
ALTER TABLE `pma__pdf_pages`
  ADD PRIMARY KEY (`page_nr`),
  ADD KEY `db_name` (`db_name`);

--
-- Indexes for table `pma__recent`
--
ALTER TABLE `pma__recent`
  ADD PRIMARY KEY (`username`);

--
-- Indexes for table `pma__relation`
--
ALTER TABLE `pma__relation`
  ADD PRIMARY KEY (`master_db`,`master_table`,`master_field`),
  ADD KEY `foreign_field` (`foreign_db`,`foreign_table`);

--
-- Indexes for table `pma__savedsearches`
--
ALTER TABLE `pma__savedsearches`
  ADD PRIMARY KEY (`id`),
  ADD UNIQUE KEY `u_savedsearches_username_dbname` (`username`,`db_name`,`search_name`);

--
-- Indexes for table `pma__table_coords`
--
ALTER TABLE `pma__table_coords`
  ADD PRIMARY KEY (`db_name`,`table_name`,`pdf_page_number`);

--
-- Indexes for table `pma__table_info`
--
ALTER TABLE `pma__table_info`
  ADD PRIMARY KEY (`db_name`,`table_name`);

--
-- Indexes for table `pma__table_uiprefs`
--
ALTER TABLE `pma__table_uiprefs`
  ADD PRIMARY KEY (`username`,`db_name`,`table_name`);

--
-- Indexes for table `pma__tracking`
--
ALTER TABLE `pma__tracking`
  ADD PRIMARY KEY (`db_name`,`table_name`,`version`);

--
-- Indexes for table `pma__userconfig`
--
ALTER TABLE `pma__userconfig`
  ADD PRIMARY KEY (`username`);

--
-- Indexes for table `pma__usergroups`
--
ALTER TABLE `pma__usergroups`
  ADD PRIMARY KEY (`usergroup`,`tab`,`allowed`);

--
-- Indexes for table `pma__users`
--
ALTER TABLE `pma__users`
  ADD PRIMARY KEY (`username`,`usergroup`);

--
-- AUTO_INCREMENT for dumped tables
--

--
-- AUTO_INCREMENT for table `pma__bookmark`
--
ALTER TABLE `pma__bookmark`
  MODIFY `id` int(10) UNSIGNED NOT NULL AUTO_INCREMENT;

--
-- AUTO_INCREMENT for table `pma__column_info`
--
ALTER TABLE `pma__column_info`
  MODIFY `id` int(5) UNSIGNED NOT NULL AUTO_INCREMENT;

--
-- AUTO_INCREMENT for table `pma__export_templates`
--
ALTER TABLE `pma__export_templates`
  MODIFY `id` int(5) UNSIGNED NOT NULL AUTO_INCREMENT, AUTO_INCREMENT=2;

--
-- AUTO_INCREMENT for table `pma__history`
--
ALTER TABLE `pma__history`
  MODIFY `id` bigint(20) UNSIGNED NOT NULL AUTO_INCREMENT;

--
-- AUTO_INCREMENT for table `pma__pdf_pages`
--
ALTER TABLE `pma__pdf_pages`
  MODIFY `page_nr` int(10) UNSIGNED NOT NULL AUTO_INCREMENT;

--
-- AUTO_INCREMENT for table `pma__savedsearches`
--
ALTER TABLE `pma__savedsearches`
  MODIFY `id` int(5) UNSIGNED NOT NULL AUTO_INCREMENT;
--
-- Database: `student_biometrics`
--
CREATE DATABASE IF NOT EXISTS `student_biometrics` DEFAULT CHARACTER SET utf8mb4 COLLATE utf8mb4_general_ci;
USE `student_biometrics`;

-- --------------------------------------------------------

--
-- Table structure for table `students`
--

CREATE TABLE `students` (
  `student_id` varchar(50) NOT NULL,
  `name` varchar(100) NOT NULL,
  `fingerprint_template` text NOT NULL
) ENGINE=InnoDB DEFAULT CHARSET=utf8mb4 COLLATE=utf8mb4_general_ci;

--
-- Dumping data for table `students`
--

INSERT INTO `students` (`student_id`, `name`, `fingerprint_template`) VALUES
('', 'Andrew', 'ZmluZ2VycHJpbnRfZGF0YQ==');

--
-- Indexes for dumped tables
--

--
-- Indexes for table `students`
--
ALTER TABLE `students`
  ADD PRIMARY KEY (`student_id`);
--
-- Database: `test`
--
CREATE DATABASE IF NOT EXISTS `test` DEFAULT CHARACTER SET utf8mb4 COLLATE utf8mb4_general_ci;
USE `test`;

-- --------------------------------------------------------

--
-- Table structure for table `users`
--

CREATE TABLE `users` (
  `id` int(11) NOT NULL,
  `username` varchar(50) NOT NULL,
  `password` varchar(255) NOT NULL,
  `role` enum('admin','staff','auditor') DEFAULT 'staff',
  `created_at` timestamp NOT NULL DEFAULT current_timestamp()
) ENGINE=InnoDB DEFAULT CHARSET=utf8mb4 COLLATE=utf8mb4_general_ci;

--
-- Dumping data for table `users`
--

INSERT INTO `users` (`id`, `username`, `password`, `role`, `created_at`) VALUES
(2, 'test', '$2b$10$6mZUzjP9tPtcqCLWEcPal.kWNX6PLPrchUzAbIk6ReXSaCJ4eKKVC', 'admin', '2025-07-21 15:13:04'),
(3, 'test2', '$2b$10$hAqaY/pHP2g8DcbsOHMzNuiYpcs61g8RiTmRmmvK1NtbpmpGd46pe', 'staff', '2025-07-21 15:24:01');

--
-- Indexes for dumped tables
--

--
-- Indexes for table `users`
--
ALTER TABLE `users`
  ADD PRIMARY KEY (`id`),
  ADD UNIQUE KEY `username` (`username`);

--
-- AUTO_INCREMENT for dumped tables
--

--
-- AUTO_INCREMENT for table `users`
--
ALTER TABLE `users`
  MODIFY `id` int(11) NOT NULL AUTO_INCREMENT, AUTO_INCREMENT=4;
COMMIT;

/*!40101 SET CHARACTER_SET_CLIENT=@OLD_CHARACTER_SET_CLIENT */;
/*!40101 SET CHARACTER_SET_RESULTS=@OLD_CHARACTER_SET_RESULTS */;
/*!40101 SET COLLATION_CONNECTION=@OLD_COLLATION_CONNECTION */;
